Variable,KL_Divergence,Chi2_P_Value,Status
Age_Group,0.00032230247886790085,0.8853611923345269,PASS
C_epidemic,0.00041126785932169355,0.6686463389261595,PASS
