Group_Type,Group_Value,N,AI_Sens,AI_Sens_CI,AI_Spec,AI_Spec_CI,Mc_Sens,Mc_Sens_CI,Mc_Spec,Mc_Spec_CI
Age,Senior,256,0.2857142857142857,(0.082-0.641),1.0,(0.985-1.000),0.2857142857142857,(0.082-0.641),0.9919678714859438,(0.971-0.998)
Age,Adult,240,0.21052631578947367,(0.085-0.433),1.0,(0.983-1.000),0.05263157894736842,(0.009-0.246),1.0,(0.983-1.000)
Age,Child,271,0.11428571428571428,(0.045-0.260),1.0,(0.984-1.000),0.8857142857142857,(0.740-0.955),0.8220338983050848,(0.768-0.866)
Age,YoungAdult,233,0.7547169811320755,(0.624-0.851),0.9888888888888889,(0.960-0.997),0.24528301886792453,(0.149-0.376),0.9444444444444444,(0.901-0.970)
McIsaac_Severity,Low (0-1),716,0.3,(0.167-0.479),0.9985422740524781,(0.992-1.000),,,,
McIsaac_Severity,Mid (2-3),259,0.5223880597014925,(0.405-0.637),0.9947916666666666,(0.971-0.999),,,,
McIsaac_Severity,High (4+),25,0.35294117647058826,(0.173-0.587),1.0,(0.676-1.000),,,,
