scenario_id,auc,ece_score,pdr_rate,alert_recall
Baseline,0.9865913089013567,0.043555128751782635,0.0,
Scenario_B,0.9702649783499928,0.02689511030097662,1.6548220528664996,0.2029580936729663
Scenario_C,0.9853196736862075,0.04668710752449389,0.12889179173544824,
Scenario_D_0.05,0.9881376305206706,0.04298631923198074,-0.15673375645644394,
Scenario_D_0.15,0.97926868484701,0.038274734621167095,0.7422145308071875,
Scenario_D_0.30,0.9714816124985413,0.02913383568761378,1.531505119342804,
Scenario_D_0.50,0.9688229532029475,0.03361687791610069,1.8009844135152144,
