Variable,KL_Divergence,Chi2_P_Value,Status
Age_Group,0.00044505915800190955,0.8263929923984731,PASS
C_epidemic,0.000902473207172309,0.40428912542045803,PASS
