truth,mc_score,ai_prob,age_group
0,-1,0.0001400266533183254,Adult
0,1,0.00046363147199575665,Child
0,1,0.0009243126691581747,Adult
0,0,0.22892783649428722,Adult
0,2,0.846770958050957,Child
1,4,0.9690155905971298,Child
0,-1,5.6821532657875425e-05,Senior
0,0,0.0003390629767544059,Adult
0,1,0.10878685618889475,Child
0,2,0.04742842417231328,Child
