Variable,KL_Divergence,Chi2_P_Value,Status
Age_Group,7.624388771457994e-05,0.9849385579047353,PASS
C_epidemic,0.0006236427370954825,0.5419941884591871,PASS
