Group_Type,Group_Value,N,AI_Sens,AI_Sens_CI,AI_Spec,AI_Spec_CI,Mc_Sens,Mc_Sens_CI,Mc_Spec,Mc_Spec_CI
Age,Adult,256,0.09090909090909091,(0.016-0.377),0.9959183673469387,(0.977-0.999),0.18181818181818182,(0.051-0.477),1.0,(0.985-1.000)
Age,Senior,256,0.1,(0.028-0.301),1.0,(0.984-1.000),0.0,(0.000-0.161),1.0,(0.984-1.000)
Age,Child,227,0.1891891891891892,(0.095-0.342),1.0,(0.980-1.000),0.8648648648648649,(0.720-0.941),0.8,(0.737-0.851)
Age,YoungAdult,261,0.8245614035087719,(0.706-0.902),0.9950980392156863,(0.973-0.999),0.3684210526315789,(0.255-0.498),0.9705882352941176,(0.937-0.986)
McIsaac_Severity,Low (0-1),747,0.3157894736842105,(0.191-0.475),1.0,(0.995-1.000),,,,
McIsaac_Severity,Mid (2-3),223,0.5373134328358209,(0.419-0.651),0.9871794871794872,(0.954-0.996),,,,
McIsaac_Severity,High (4+),30,0.45,(0.258-0.658),1.0,(0.722-1.000),,,,
