noise,mc_sens,ai_sens
0.0,0.3548387096774194,0.41935483870967744
0.25,0.3157894736842105,0.5263157894736842
0.5,0.391304347826087,0.391304347826087
