noise,mc_sens,ai_sens
0.0,0.38095238095238093,0.7619047619047619
0.25,0.3793103448275862,0.5172413793103449
0.5,0.36363636363636365,0.6818181818181818
