Variable,KL_Divergence,Chi2_P_Value,Status
Age_Group,0.00026905644551319247,0.910914100318778,PASS
C_epidemic,0.001256714969340083,0.27527078308975234,PASS
