truth,mc_score,ai_prob,age_group
1,0,1.0,YoungAdult
0,0,0.0014645418111843438,Senior
0,-1,0.002761849909884534,Senior
0,-1,0.01114553958864508,Senior
0,0,0.0003546236353884137,Senior
0,1,0.07116820243219582,YoungAdult
1,3,0.9036054972370613,YoungAdult
0,-1,3.193837546494567e-06,Adult
0,1,0.000555434762739945,YoungAdult
1,4,1.0,YoungAdult
