noise,mc_sens,ai_sens
0.0,0.35,0.0
0.25,0.3888888888888889,0.0
0.5,0.43478260869565216,0.0
