hybrid_sensitivity,hybrid_specificity,hybrid_accuracy
0.6563573883161512,0.9780443639655952,0.9406
