noise,mc_sens,ai_sens
0.0,0.4583333333333333,0.375
0.25,0.35,0.4
0.5,0.375,0.4166666666666667
