noise_level,auc
0.0,0.9345268399753537
0.1,0.9360016116958967
0.2,0.9317024005985326
0.3,0.9379448380909441
0.4,0.9194548734605013
0.5,0.921824096688137
0.6,0.9287501148914876
0.7,0.9228000596868371
0.8,0.938974795360767
0.9,0.9328463037469944
1.0,0.837484856072644
