noise,mc_sens,ai_sens
0.0,0.23529411764705882,0.23529411764705882
0.25,0.34782608695652173,0.43478260869565216
0.5,0.5,0.4375
