{
    "timestamp": "2025-12-22T18:24:22.689777",
    "iterations": 1000,
    "diagnosed_gas_count": 859,
    "metrics": {
        "mean": 0.22879150174621654,
        "p90": 0.419,
        "p95": 0.4865
    },
    "thresholds": {
        "tau_silent": 0.419,
        "tau_over": 0.4865
    },
    "note": "Generated by Conflict Threshold Calibration System V1.0"
}