Variable,KL_Divergence,Chi2_P_Value,Status
Age_Group,0.00032587056887186045,0.09045460036188924,PASS
C_epidemic,3.5754041761424434e-05,0.6976327226632724,PASS
