Variable,KL_Divergence,Chi2_P_Value,Status
Age_Group,0.000815317444158685,0.6575772368213082,PASS
C_epidemic,0.0019177069172945033,0.1386746135189769,PASS
